{"version": "240801", "position_1": {"inputDim": 4, "online": "false", "coef": [0.8709379, -0.07343265, -0.05489393, 0.04336115], "intercept": 10.778767334368055}, "position_2": {"inputDim": 4, "online": "false", "coef": [0.73778683, 0.41657098, -0.09521621, -0.06276259], "intercept": 0.6228031408587569}}